{"_approachDistance": 50, "_approachTime": 1, "_name": "SMALLER 10 STAR SQUARES", "_notes": [{"_time": 14.088, "_x": -0.75, "_y": -1.0}, {"_time": 14.318, "_x": 1.0, "_y": 1.0}, {"_time": 14.548, "_x": -0.75, "_y": -1.0}, {"_time": 14.663, "_x": -0.75, "_y": 1.0}, {"_time": 14.778, "_x": 1.0, "_y": 1.0}, {"_time": 14.893, "_x": 1.0, "_y": -1.0}, {"_time": 15.008, "_x": -0.75, "_y": -1.0}, {"_time": 15.122, "_x": -0.75, "_y": 1.0}, {"_time": 15.238, "_x": 1.0, "_y": 1.0}, {"_time": 15.353, "_x": 1.0, "_y": -1.0}, {"_time": 15.468, "_x": -0.75, "_y": -1.0}, {"_time": 15.582, "_x": -0.75, "_y": 1.0}, {"_time": 15.698, "_x": 1.0, "_y": 1.0}, {"_time": 15.813, "_x": 1.0, "_y": -1.0}, {"_time": 15.927, "_x": 1.0, "_y": 1.0}, {"_time": 16.387, "_x": -0.75, "_y": 1.0}, {"_time": 16.502, "_x": 1.0, "_y": 1.0}, {"_time": 16.617, "_x": 1.0, "_y": -1.0}, {"_time": 16.732, "_x": -0.75, "_y": -1.0}, {"_time": 16.847, "_x": -0.75, "_y": 1.0}, {"_time": 16.962, "_x": 1.0, "_y": -1.0}, {"_time": 17.076, "_x": 1.0, "_y": 1.0}, {"_time": 17.192, "_x": -0.75, "_y": -1.0}, {"_time": 17.307, "_x": -0.75, "_y": 1.0}, {"_time": 17.421, "_x": 1.0, "_y": 1.0}, {"_time": 17.536, "_x": 1.0, "_y": -1.0}, {"_time": 17.652, "_x": -0.75, "_y": -1.0}, {"_time": 17.767, "_x": -0.75, "_y": 1.0}, {"_time": 17.881, "_x": 1.0, "_y": -1.0}, {"_time": 17.996, "_x": 1.0, "_y": 1.0}, {"_time": 18.111, "_x": -0.75, "_y": -1.0}, {"_time": 18.226, "_x": -0.75, "_y": 1.0}, {"_time": 18.341, "_x": 1.0, "_y": 1.0}, {"_time": 18.456, "_x": 1.0, "_y": -1.0}, {"_time": 18.571, "_x": -0.75, "_y": -1.0}, {"_time": 18.686, "_x": -0.75, "_y": 1.0}, {"_time": 18.801, "_x": 1.0, "_y": -1.0}, {"_time": 18.916, "_x": 1.0, "_y": 1.0}, {"_time": 19.03, "_x": -0.75, "_y": -1.0}, {"_time": 19.146, "_x": -0.75, "_y": 1.0}, {"_time": 19.261, "_x": 1.0, "_y": 1.0}, {"_time": 19.375, "_x": 1.0, "_y": -1.0}, {"_time": 19.49, "_x": -0.75, "_y": -1.0}, {"_time": 19.606, "_x": 1.0, "_y": 1.0}, {"_time": 19.721, "_x": -0.75, "_y": 1.0}, {"_time": 19.835, "_x": 1.0, "_y": -1.0}, {"_time": 19.95, "_x": -0.75, "_y": -1.0}, {"_time": 20.066, "_x": -0.75, "_y": 1.0}, {"_time": 20.18, "_x": 1.0, "_y": 1.0}, {"_time": 20.295, "_x": 1.0, "_y": -1.0}, {"_time": 20.409, "_x": -0.75, "_y": -1.0}, {"_time": 20.525, "_x": -0.75, "_y": 1.0}, {"_time": 20.64, "_x": 1.0, "_y": -1.0}, {"_time": 20.755, "_x": 1.0, "_y": 1.0}, {"_time": 20.869, "_x": -0.75, "_y": -1.0}, {"_time": 20.984, "_x": -0.75, "_y": 1.0}, {"_time": 21.1, "_x": 1.0, "_y": 1.0}, {"_time": 21.215, "_x": 1.0, "_y": -1.0}, {"_time": 21.33, "_x": -0.75, "_y": -1.0}, {"_time": 21.445, "_x": -0.75, "_y": 1.0}, {"_time": 21.56, "_x": 1.0, "_y": -1.0}, {"_time": 21.674, "_x": 1.0, "_y": 1.0}, {"_time": 21.789, "_x": -0.75, "_y": -1.0}, {"_time": 21.905, "_x": -0.75, "_y": 1.0}, {"_time": 22.018, "_x": 1.0, "_y": 1.0}, {"_time": 22.134, "_x": 1.0, "_y": -1.0}, {"_time": 22.249, "_x": -0.75, "_y": -1.0}, {"_time": 22.363, "_x": -0.75, "_y": 1.0}, {"_time": 22.479, "_x": 1.0, "_y": -1.0}, {"_time": 22.594, "_x": 1.0, "_y": 1.0}, {"_time": 22.709, "_x": -0.75, "_y": -1.0}, {"_time": 22.823, "_x": -0.75, "_y": 1.0}, {"_time": 23.283, "_x": 1.0, "_y": 1.0}, {"_time": 23.743, "_x": 1.0, "_y": -1.0}, {"_time": 23.858, "_x": -0.75, "_y": -1.0}, {"_time": 23.973, "_x": -0.75, "_y": 1.0}, {"_time": 24.088, "_x": 1.0, "_y": 1.0}, {"_time": 24.203, "_x": -0.75, "_y": -1.0}, {"_time": 24.318, "_x": 1.0, "_y": -1.0}, {"_time": 24.433, "_x": -0.75, "_y": 1.0}, {"_time": 24.548, "_x": 1.0, "_y": 1.0}, {"_time": 24.663, "_x": 1.0, "_y": -1.0}, {"_time": 24.777, "_x": -0.75, "_y": -1.0}, {"_time": 24.893, "_x": -0.75, "_y": 1.0}, {"_time": 25.008, "_x": 1.0, "_y": 1.0}, {"_time": 25.122, "_x": -0.75, "_y": -1.0}, {"_time": 25.237, "_x": 1.0, "_y": -1.0}, {"_time": 25.352, "_x": -0.75, "_y": 1.0}, {"_time": 25.468, "_x": 1.0, "_y": 1.0}, {"_time": 25.582, "_x": 1.0, "_y": -1.0}, {"_time": 25.697, "_x": -0.75, "_y": -1.0}, {"_time": 25.811, "_x": -0.75, "_y": 1.0}, {"_time": 25.927, "_x": 1.0, "_y": 1.0}, {"_time": 26.042, "_x": -0.75, "_y": -1.0}, {"_time": 26.157, "_x": 1.0, "_y": -1.0}, {"_time": 26.272, "_x": -0.75, "_y": 1.0}, {"_time": 26.387, "_x": 1.0, "_y": 1.0}, {"_time": 26.502, "_x": 1.0, "_y": -1.0}, {"_time": 26.617, "_x": -0.75, "_y": -1.0}, {"_time": 26.732, "_x": -0.75, "_y": 1.0}, {"_time": 26.847, "_x": 1.0, "_y": 1.0}, {"_time": 26.962, "_x": -0.75, "_y": -1.0}, {"_time": 27.076, "_x": 1.0, "_y": 1.0}, {"_time": 27.191, "_x": -0.75, "_y": -1.0}, {"_time": 27.306, "_x": 1.0, "_y": 1.0}, {"_time": 27.421, "_x": -0.75, "_y": -1.0}, {"_time": 27.536, "_x": -0.75, "_y": 1.0}, {"_time": 27.651, "_x": 1.0, "_y": 1.0}, {"_time": 27.766, "_x": 1.0, "_y": -1.0}, {"_time": 27.881, "_x": -0.75, "_y": -1.0}, {"_time": 27.996, "_x": -0.75, "_y": 1.0}, {"_time": 28.111, "_x": 1.0, "_y": -1.0}, {"_time": 28.225, "_x": 1.0, "_y": 1.0}, {"_time": 28.341, "_x": -0.75, "_y": -1.0}, {"_time": 28.456, "_x": -0.75, "_y": 1.0}, {"_time": 28.571, "_x": 1.0, "_y": 1.0}, {"_time": 28.685, "_x": 1.0, "_y": -1.0}, {"_time": 28.801, "_x": -0.75, "_y": -1.0}, {"_time": 28.916, "_x": -0.75, "_y": 1.0}, {"_time": 29.03, "_x": 1.0, "_y": -1.0}, {"_time": 29.145, "_x": 1.0, "_y": 1.0}, {"_time": 29.261, "_x": -0.75, "_y": -1.0}, {"_time": 29.375, "_x": -0.75, "_y": 1.0}, {"_time": 29.49, "_x": 1.0, "_y": 1.0}, {"_time": 29.605, "_x": 1.0, "_y": -1.0}, {"_time": 29.72, "_x": -0.75, "_y": -1.0}, {"_time": 29.835, "_x": 1.0, "_y": 1.0}, {"_time": 29.95, "_x": -0.75, "_y": -1.0}, {"_time": 30.065, "_x": 1.0, "_y": 1.0}, {"_time": 30.179, "_x": -0.75, "_y": -1.0}, {"_time": 30.639, "_x": -0.75, "_y": 1.0}, {"_time": 31.099, "_x": 1.0, "_y": -1.0}, {"_time": 31.215, "_x": -0.75, "_y": 1.0}, {"_time": 31.329, "_x": 1.0, "_y": -1.0}, {"_time": 31.444, "_x": -0.75, "_y": 1.0}, {"_time": 31.559, "_x": -0.75, "_y": -1.0}, {"_time": 31.674, "_x": 1.0, "_y": 1.0}, {"_time": 31.789, "_x": -0.75, "_y": -1.0}, {"_time": 31.904, "_x": 1.0, "_y": 1.0}, {"_time": 32.019, "_x": 1.0, "_y": -1.0}, {"_time": 32.134, "_x": -0.75, "_y": 1.0}, {"_time": 32.249, "_x": 1.0, "_y": -1.0}, {"_time": 32.364, "_x": -0.75, "_y": 1.0}, {"_time": 32.478, "_x": -0.75, "_y": -1.0}, {"_time": 32.594, "_x": 1.0, "_y": 1.0}, {"_time": 32.709, "_x": -0.75, "_y": -1.0}, {"_time": 32.823, "_x": 1.0, "_y": 1.0}, {"_time": 32.938, "_x": 1.0, "_y": -1.0}, {"_time": 33.054, "_x": -0.75, "_y": 1.0}, {"_time": 33.169, "_x": 1.0, "_y": -1.0}, {"_time": 33.283, "_x": -0.75, "_y": 1.0}, {"_time": 33.398, "_x": -0.75, "_y": -1.0}, {"_time": 33.512, "_x": 1.0, "_y": 1.0}, {"_time": 33.628, "_x": -0.75, "_y": -1.0}, {"_time": 33.743, "_x": 1.0, "_y": 1.0}, {"_time": 33.858, "_x": -0.75, "_y": -1.0}, {"_time": 33.972, "_x": -0.75, "_y": 1.0}, {"_time": 34.088, "_x": 1.0, "_y": 1.0}, {"_time": 34.203, "_x": 1.0, "_y": -1.0}, {"_time": 34.318, "_x": -0.75, "_y": 1.0}, {"_time": 34.432, "_x": -0.75, "_y": -1.0}, {"_time": 34.547, "_x": 1.0, "_y": 1.0}, {"_time": 34.663, "_x": 1.0, "_y": -1.0}, {"_time": 34.777, "_x": -0.75, "_y": 1.0}, {"_time": 34.892, "_x": 1.0, "_y": -1.0}, {"_time": 35.007, "_x": -0.75, "_y": 1.0}, {"_time": 35.122, "_x": 1.0, "_y": -1.0}, {"_time": 35.237, "_x": -0.75, "_y": -1.0}, {"_time": 35.352, "_x": 1.0, "_y": 1.0}, {"_time": 35.467, "_x": -0.75, "_y": -1.0}, {"_time": 35.582, "_x": 1.0, "_y": 1.0}, {"_time": 35.697, "_x": -0.75, "_y": -1.0}, {"_time": 35.812, "_x": -0.75, "_y": 1.0}, {"_time": 35.926, "_x": 1.0, "_y": -1.0}, {"_time": 36.042, "_x": 1.0, "_y": 1.0}, {"_time": 36.157, "_x": -0.75, "_y": -1.0}, {"_time": 36.271, "_x": 1.0, "_y": 1.0}, {"_time": 36.386, "_x": -0.75, "_y": -1.0}, {"_time": 36.502, "_x": 1.0, "_y": 1.0}, {"_time": 36.617, "_x": -0.75, "_y": -1.0}, {"_time": 36.731, "_x": -0.75, "_y": 1.0}, {"_time": 36.846, "_x": 1.0, "_y": -1.0}, {"_time": 36.961, "_x": 1.0, "_y": 1.0}, {"_time": 37.076, "_x": -0.75, "_y": -1.0}, {"_time": 37.191, "_x": 1.0, "_y": 1.0}, {"_time": 37.306, "_x": -0.75, "_y": -1.0}, {"_time": 37.421, "_x": 1.0, "_y": 1.0}, {"_time": 37.535, "_x": -0.75, "_y": -1.0}, {"_time": 37.995, "_x": 1.0, "_y": -1.0}, {"_time": 38.456, "_x": -0.75, "_y": 1.0}, {"_time": 38.571, "_x": -0.75, "_y": -1.0}, {"_time": 38.685, "_x": 1.0, "_y": 1.0}, {"_time": 38.8, "_x": 1.0, "_y": -1.0}, {"_time": 38.916, "_x": -0.75, "_y": 1.0}, {"_time": 39.03, "_x": 1.0, "_y": -1.0}, {"_time": 39.145, "_x": -0.75, "_y": 1.0}, {"_time": 39.26, "_x": 1.0, "_y": -1.0}, {"_time": 39.374, "_x": -0.75, "_y": 1.0}, {"_time": 39.49, "_x": -0.75, "_y": -1.0}, {"_time": 39.605, "_x": 1.0, "_y": 1.0}, {"_time": 39.72, "_x": 1.0, "_y": -1.0}, {"_time": 39.834, "_x": -0.75, "_y": 1.0}, {"_time": 39.95, "_x": 1.0, "_y": -1.0}, {"_time": 40.065, "_x": -0.75, "_y": 1.0}, {"_time": 40.179, "_x": 1.0, "_y": -1.0}, {"_time": 40.294, "_x": -0.75, "_y": 1.0}, {"_time": 40.41, "_x": -0.75, "_y": -1.0}, {"_time": 40.524, "_x": 1.0, "_y": 1.0}, {"_time": 40.639, "_x": 1.0, "_y": -1.0}, {"_time": 40.754, "_x": -0.75, "_y": 1.0}, {"_time": 40.868, "_x": 1.0, "_y": -1.0}, {"_time": 40.984, "_x": -0.75, "_y": 1.0}, {"_time": 41.099, "_x": 1.0, "_y": -1.0}, {"_time": 41.214, "_x": -0.75, "_y": 1.0}, {"_time": 41.329, "_x": -0.75, "_y": -1.0}, {"_time": 41.444, "_x": 1.0, "_y": 1.0}, {"_time": 41.559, "_x": 1.0, "_y": -1.0}, {"_time": 41.673, "_x": -0.75, "_y": 1.0}, {"_time": 41.788, "_x": 1.0, "_y": 1.0}, {"_time": 41.904, "_x": -0.75, "_y": -1.0}, {"_time": 42.019, "_x": 1.0, "_y": -1.0}, {"_time": 42.133, "_x": -0.75, "_y": 1.0}, {"_time": 42.248, "_x": -0.75, "_y": -1.0}, {"_time": 42.364, "_x": 1.0, "_y": 1.0}, {"_time": 42.478, "_x": 1.0, "_y": -1.0}, {"_time": 42.593, "_x": -0.75, "_y": -1.0}, {"_time": 42.708, "_x": -0.75, "_y": 1.0}, {"_time": 42.823, "_x": 1.0, "_y": -1.0}, {"_time": 42.938, "_x": 1.0, "_y": 1.0}, {"_time": 43.053, "_x": -0.75, "_y": 1.0}, {"_time": 43.168, "_x": -0.75, "_y": -1.0}, {"_time": 43.283, "_x": 1.0, "_y": 1.0}, {"_time": 43.398, "_x": 1.0, "_y": -1.0}, {"_time": 43.513, "_x": -0.75, "_y": -1.0}, {"_time": 43.627, "_x": -0.75, "_y": 1.0}, {"_time": 43.743, "_x": 1.0, "_y": -1.0}, {"_time": 43.858, "_x": 1.0, "_y": 1.0}, {"_time": 43.972, "_x": -0.75, "_y": 1.0}, {"_time": 44.087, "_x": -0.75, "_y": -1.0}, {"_time": 44.202, "_x": 1.0, "_y": -1.0}, {"_time": 44.318, "_x": 1.0, "_y": 1.0}, {"_time": 44.432, "_x": -0.75, "_y": 1.0}, {"_time": 44.547, "_x": -0.75, "_y": -1.0}, {"_time": 44.662, "_x": 1.0, "_y": -1.0}, {"_time": 44.777, "_x": 1.0, "_y": 1.0}, {"_time": 44.891, "_x": -0.75, "_y": 1.0}, {"_time": 45.351, "_x": -0.75, "_y": -1.0}, {"_time": 45.812, "_x": -0.75, "_y": 1.0}, {"_time": 45.926, "_x": 1.0, "_y": 1.0}, {"_time": 46.041, "_x": 1.0, "_y": -1.0}, {"_time": 46.157, "_x": -0.75, "_y": -1.0}, {"_time": 46.271, "_x": 1.0, "_y": 1.0}, {"_time": 46.386, "_x": 1.0, "_y": -1.0}, {"_time": 46.501, "_x": -0.75, "_y": -1.0}, {"_time": 46.616, "_x": -0.75, "_y": 1.0}, {"_time": 46.731, "_x": 1.0, "_y": -1.0}, {"_time": 46.846, "_x": -0.75, "_y": -1.0}, {"_time": 46.961, "_x": -0.75, "_y": 1.0}, {"_time": 47.075, "_x": 1.0, "_y": 1.0}, {"_time": 47.191, "_x": -0.75, "_y": -1.0}, {"_time": 47.306, "_x": -0.75, "_y": 1.0}, {"_time": 47.421, "_x": 1.0, "_y": 1.0}, {"_time": 47.535, "_x": 1.0, "_y": -1.0}, {"_time": 47.651, "_x": -0.75, "_y": 1.0}, {"_time": 47.766, "_x": 1.0, "_y": 1.0}, {"_time": 47.88, "_x": 1.0, "_y": -1.0}, {"_time": 47.995, "_x": -0.75, "_y": -1.0}, {"_time": 48.111, "_x": 1.0, "_y": 1.0}, {"_time": 48.225, "_x": 1.0, "_y": -1.0}, {"_time": 48.34, "_x": -0.75, "_y": -1.0}, {"_time": 48.455, "_x": -0.75, "_y": 1.0}, {"_time": 48.569, "_x": 1.0, "_y": -1.0}, {"_time": 48.685, "_x": -0.75, "_y": -1.0}, {"_time": 48.8, "_x": -0.75, "_y": 1.0}, {"_time": 48.915, "_x": 1.0, "_y": 1.0}, {"_time": 49.029, "_x": -0.75, "_y": -1.0}, {"_time": 49.145, "_x": 1.0, "_y": 1.0}, {"_time": 49.26, "_x": -0.75, "_y": -1.0}, {"_time": 49.374, "_x": 1.0, "_y": 1.0}, {"_time": 49.489, "_x": -0.75, "_y": -1.0}, {"_time": 49.605, "_x": 1.0, "_y": -1.0}, {"_time": 49.72, "_x": 1.0, "_y": 1.0}, {"_time": 49.834, "_x": -0.75, "_y": 1.0}, {"_time": 49.949, "_x": 1.0, "_y": -1.0}, {"_time": 50.065, "_x": 1.0, "_y": 1.0}, {"_time": 50.179, "_x": -0.75, "_y": 1.0}, {"_time": 50.294, "_x": -0.75, "_y": -1.0}, {"_time": 50.409, "_x": 1.0, "_y": 1.0}, {"_time": 50.524, "_x": -0.75, "_y": 1.0}, {"_time": 50.639, "_x": -0.75, "_y": -1.0}, {"_time": 50.754, "_x": 1.0, "_y": -1.0}, {"_time": 50.869, "_x": -0.75, "_y": 1.0}, {"_time": 50.984, "_x": -0.75, "_y": -1.0}, {"_time": 51.099, "_x": 1.0, "_y": -1.0}, {"_time": 51.214, "_x": 1.0, "_y": 1.0}, {"_time": 51.328, "_x": -0.75, "_y": -1.0}, {"_time": 51.443, "_x": 1.0, "_y": -1.0}, {"_time": 51.559, "_x": 1.0, "_y": 1.0}, {"_time": 51.673, "_x": -0.75, "_y": 1.0}, {"_time": 51.788, "_x": 1.0, "_y": -1.0}, {"_time": 51.903, "_x": 1.0, "_y": 1.0}, {"_time": 52.019, "_x": -0.75, "_y": 1.0}, {"_time": 52.133, "_x": -0.75, "_y": -1.0}, {"_time": 52.247, "_x": 1.0, "_y": -1.0}, {"_time": 52.707, "_x": -0.75, "_y": -1.0}, {"_time": 53.168, "_x": -0.75, "_y": 1.0}, {"_time": 53.282, "_x": 1.0, "_y": -1.0}, {"_time": 53.397, "_x": -0.75, "_y": 1.0}, {"_time": 53.513, "_x": 1.0, "_y": -1.0}, {"_time": 53.627, "_x": -0.75, "_y": 1.0}, {"_time": 53.742, "_x": 1.0, "_y": 1.0}, {"_time": 53.857, "_x": 1.0, "_y": -1.0}, {"_time": 53.972, "_x": -0.75, "_y": -1.0}, {"_time": 54.087, "_x": 1.0, "_y": 1.0}, {"_time": 54.202, "_x": -0.75, "_y": -1.0}, {"_time": 54.317, "_x": 1.0, "_y": 1.0}, {"_time": 54.432, "_x": -0.75, "_y": -1.0}, {"_time": 54.547, "_x": 1.0, "_y": 1.0}, {"_time": 54.662, "_x": 1.0, "_y": -1.0}, {"_time": 54.776, "_x": -0.75, "_y": -1.0}, {"_time": 54.892, "_x": -0.75, "_y": 1.0}, {"_time": 55.007, "_x": 1.0, "_y": -1.0}, {"_time": 55.121, "_x": -0.75, "_y": 1.0}, {"_time": 55.236, "_x": 1.0, "_y": -1.0}, {"_time": 55.352, "_x": -0.75, "_y": 1.0}, {"_time": 55.467, "_x": 1.0, "_y": -1.0}, {"_time": 55.581, "_x": -0.75, "_y": -1.0}, {"_time": 55.696, "_x": -0.75, "_y": 1.0}, {"_time": 55.811, "_x": 1.0, "_y": 1.0}, {"_time": 55.926, "_x": -0.75, "_y": -1.0}, {"_time": 56.041, "_x": 1.0, "_y": 1.0}, {"_time": 56.156, "_x": -0.75, "_y": -1.0}, {"_time": 56.271, "_x": 1.0, "_y": 1.0}, {"_time": 56.386, "_x": 1.0, "_y": -1.0}, {"_time": 56.501, "_x": -0.75, "_y": 1.0}, {"_time": 56.616, "_x": 1.0, "_y": -1.0}, {"_time": 56.73, "_x": -0.75, "_y": 1.0}, {"_time": 56.846, "_x": -0.75, "_y": -1.0}, {"_time": 56.961, "_x": 1.0, "_y": 1.0}, {"_time": 57.075, "_x": -0.75, "_y": -1.0}, {"_time": 57.19, "_x": 1.0, "_y": 1.0}, {"_time": 57.306, "_x": 1.0, "_y": -1.0}, {"_time": 57.421, "_x": -0.75, "_y": 1.0}, {"_time": 57.535, "_x": 1.0, "_y": -1.0}, {"_time": 57.65, "_x": -0.75, "_y": 1.0}, {"_time": 57.766, "_x": -0.75, "_y": -1.0}, {"_time": 57.88, "_x": 1.0, "_y": 1.0}, {"_time": 57.995, "_x": -0.75, "_y": -1.0}, {"_time": 58.11, "_x": 1.0, "_y": 1.0}, {"_time": 58.224, "_x": -0.75, "_y": -1.0}, {"_time": 58.454, "_x": 1.0, "_y": 1.0}, {"_time": 58.684, "_x": 1.0, "_y": -1.0}, {"_time": 58.8, "_x": -0.75, "_y": -1.0}, {"_time": 58.915, "_x": -0.75, "_y": 1.0}, {"_time": 59.029, "_x": 1.0, "_y": -1.0}, {"_time": 59.26, "_x": -0.75, "_y": 1.0}, {"_time": 59.489, "_x": -0.75, "_y": -1.0}, {"_time": 59.604, "_x": 1.0, "_y": 1.0}, {"_time": 59.834, "_x": -0.75, "_y": -1.0}, {"_time": 60.064, "_x": 1.0, "_y": 1.0}]}