{"_approachDistance": 50, "_approachTime": 1, "_name": "SPACED 10 STAR SQUARES", "_notes": [{"_time": 14.4, "_x": -0.75, "_y": -1.0}, {"_time": 14.635, "_x": 1.0, "_y": 1.0}, {"_time": 14.869, "_x": -0.75, "_y": -1.0}, {"_time": 14.986, "_x": -0.75, "_y": 1.0}, {"_time": 15.104, "_x": 1.0, "_y": 1.0}, {"_time": 15.221, "_x": 1.0, "_y": -1.0}, {"_time": 15.338, "_x": -0.75, "_y": -1.0}, {"_time": 15.455, "_x": -0.75, "_y": 1.0}, {"_time": 15.573, "_x": 1.0, "_y": 1.0}, {"_time": 15.69, "_x": 1.0, "_y": -1.0}, {"_time": 15.807, "_x": -0.75, "_y": -1.0}, {"_time": 15.924, "_x": -0.75, "_y": 1.0}, {"_time": 16.042, "_x": 1.0, "_y": 1.0}, {"_time": 16.159, "_x": 1.0, "_y": -1.0}, {"_time": 16.276, "_x": 1.0, "_y": 1.0}, {"_time": 16.745, "_x": -0.75, "_y": 1.0}, {"_time": 16.862, "_x": 1.0, "_y": 1.0}, {"_time": 16.979, "_x": 1.0, "_y": -1.0}, {"_time": 17.097, "_x": -0.75, "_y": -1.0}, {"_time": 17.214, "_x": -0.75, "_y": 1.0}, {"_time": 17.331, "_x": 1.0, "_y": -1.0}, {"_time": 17.448, "_x": 1.0, "_y": 1.0}, {"_time": 17.566, "_x": -0.75, "_y": -1.0}, {"_time": 17.683, "_x": -0.75, "_y": 1.0}, {"_time": 17.8, "_x": 1.0, "_y": 1.0}, {"_time": 17.917, "_x": 1.0, "_y": -1.0}, {"_time": 18.035, "_x": -0.75, "_y": -1.0}, {"_time": 18.152, "_x": -0.75, "_y": 1.0}, {"_time": 18.269, "_x": 1.0, "_y": -1.0}, {"_time": 18.386, "_x": 1.0, "_y": 1.0}, {"_time": 18.503, "_x": -0.75, "_y": -1.0}, {"_time": 18.621, "_x": -0.75, "_y": 1.0}, {"_time": 18.738, "_x": 1.0, "_y": 1.0}, {"_time": 18.855, "_x": 1.0, "_y": -1.0}, {"_time": 18.972, "_x": -0.75, "_y": -1.0}, {"_time": 19.09, "_x": -0.75, "_y": 1.0}, {"_time": 19.207, "_x": 1.0, "_y": -1.0}, {"_time": 19.324, "_x": 1.0, "_y": 1.0}, {"_time": 19.441, "_x": -0.75, "_y": -1.0}, {"_time": 19.559, "_x": -0.75, "_y": 1.0}, {"_time": 19.676, "_x": 1.0, "_y": 1.0}, {"_time": 19.793, "_x": 1.0, "_y": -1.0}, {"_time": 19.91, "_x": -0.75, "_y": -1.0}, {"_time": 20.028, "_x": 1.0, "_y": 1.0}, {"_time": 20.145, "_x": -0.75, "_y": 1.0}, {"_time": 20.262, "_x": 1.0, "_y": -1.0}, {"_time": 20.379, "_x": -0.75, "_y": -1.0}, {"_time": 20.497, "_x": -0.75, "_y": 1.0}, {"_time": 20.614, "_x": 1.0, "_y": 1.0}, {"_time": 20.731, "_x": 1.0, "_y": -1.0}, {"_time": 20.849, "_x": -0.75, "_y": -1.0}, {"_time": 20.966, "_x": -0.75, "_y": 1.0}, {"_time": 21.083, "_x": 1.0, "_y": -1.0}, {"_time": 21.2, "_x": 1.0, "_y": 1.0}, {"_time": 21.318, "_x": -0.75, "_y": -1.0}, {"_time": 21.434, "_x": -0.75, "_y": 1.0}, {"_time": 21.552, "_x": 1.0, "_y": 1.0}, {"_time": 21.669, "_x": 1.0, "_y": -1.0}, {"_time": 21.787, "_x": -0.75, "_y": -1.0}, {"_time": 21.904, "_x": -0.75, "_y": 1.0}, {"_time": 22.021, "_x": 1.0, "_y": -1.0}, {"_time": 22.138, "_x": 1.0, "_y": 1.0}, {"_time": 22.255, "_x": -0.75, "_y": -1.0}, {"_time": 22.373, "_x": -0.75, "_y": 1.0}, {"_time": 22.49, "_x": 1.0, "_y": 1.0}, {"_time": 22.607, "_x": 1.0, "_y": -1.0}, {"_time": 22.724, "_x": -0.75, "_y": -1.0}, {"_time": 22.842, "_x": -0.75, "_y": 1.0}, {"_time": 22.959, "_x": 1.0, "_y": -1.0}, {"_time": 23.076, "_x": 1.0, "_y": 1.0}, {"_time": 23.193, "_x": -0.75, "_y": -1.0}, {"_time": 23.31, "_x": -0.75, "_y": 1.0}, {"_time": 23.779, "_x": 1.0, "_y": 1.0}, {"_time": 24.248, "_x": 1.0, "_y": -1.0}, {"_time": 24.365, "_x": -0.75, "_y": -1.0}, {"_time": 24.483, "_x": -0.75, "_y": 1.0}, {"_time": 24.6, "_x": 1.0, "_y": 1.0}, {"_time": 24.717, "_x": -0.75, "_y": -1.0}, {"_time": 24.834, "_x": 1.0, "_y": -1.0}, {"_time": 24.952, "_x": -0.75, "_y": 1.0}, {"_time": 25.069, "_x": 1.0, "_y": 1.0}, {"_time": 25.186, "_x": 1.0, "_y": -1.0}, {"_time": 25.303, "_x": -0.75, "_y": -1.0}, {"_time": 25.421, "_x": -0.75, "_y": 1.0}, {"_time": 25.538, "_x": 1.0, "_y": 1.0}, {"_time": 25.655, "_x": -0.75, "_y": -1.0}, {"_time": 25.772, "_x": 1.0, "_y": -1.0}, {"_time": 25.889, "_x": -0.75, "_y": 1.0}, {"_time": 26.007, "_x": 1.0, "_y": 1.0}, {"_time": 26.124, "_x": 1.0, "_y": -1.0}, {"_time": 26.241, "_x": -0.75, "_y": -1.0}, {"_time": 26.359, "_x": -0.75, "_y": 1.0}, {"_time": 26.476, "_x": 1.0, "_y": 1.0}, {"_time": 26.593, "_x": -0.75, "_y": -1.0}, {"_time": 26.71, "_x": 1.0, "_y": -1.0}, {"_time": 26.828, "_x": -0.75, "_y": 1.0}, {"_time": 26.945, "_x": 1.0, "_y": 1.0}, {"_time": 27.062, "_x": 1.0, "_y": -1.0}, {"_time": 27.179, "_x": -0.75, "_y": -1.0}, {"_time": 27.297, "_x": -0.75, "_y": 1.0}, {"_time": 27.414, "_x": 1.0, "_y": 1.0}, {"_time": 27.531, "_x": -0.75, "_y": -1.0}, {"_time": 27.648, "_x": 1.0, "_y": 1.0}, {"_time": 27.765, "_x": -0.75, "_y": -1.0}, {"_time": 27.882, "_x": 1.0, "_y": 1.0}, {"_time": 28.0, "_x": -0.75, "_y": -1.0}, {"_time": 28.117, "_x": -0.75, "_y": 1.0}, {"_time": 28.234, "_x": 1.0, "_y": 1.0}, {"_time": 28.351, "_x": 1.0, "_y": -1.0}, {"_time": 28.469, "_x": -0.75, "_y": -1.0}, {"_time": 28.586, "_x": -0.75, "_y": 1.0}, {"_time": 28.703, "_x": 1.0, "_y": -1.0}, {"_time": 28.82, "_x": 1.0, "_y": 1.0}, {"_time": 28.938, "_x": -0.75, "_y": -1.0}, {"_time": 29.055, "_x": -0.75, "_y": 1.0}, {"_time": 29.172, "_x": 1.0, "_y": 1.0}, {"_time": 29.289, "_x": 1.0, "_y": -1.0}, {"_time": 29.407, "_x": -0.75, "_y": -1.0}, {"_time": 29.524, "_x": -0.75, "_y": 1.0}, {"_time": 29.641, "_x": 1.0, "_y": -1.0}, {"_time": 29.758, "_x": 1.0, "_y": 1.0}, {"_time": 29.876, "_x": -0.75, "_y": -1.0}, {"_time": 29.993, "_x": -0.75, "_y": 1.0}, {"_time": 30.11, "_x": 1.0, "_y": 1.0}, {"_time": 30.227, "_x": 1.0, "_y": -1.0}, {"_time": 30.344, "_x": -0.75, "_y": -1.0}, {"_time": 30.462, "_x": 1.0, "_y": 1.0}, {"_time": 30.579, "_x": -0.75, "_y": -1.0}, {"_time": 30.696, "_x": 1.0, "_y": 1.0}, {"_time": 30.813, "_x": -0.75, "_y": -1.0}, {"_time": 31.282, "_x": -0.75, "_y": 1.0}, {"_time": 31.751, "_x": 1.0, "_y": -1.0}, {"_time": 31.869, "_x": -0.75, "_y": 1.0}, {"_time": 31.986, "_x": 1.0, "_y": -1.0}, {"_time": 32.103, "_x": -0.75, "_y": 1.0}, {"_time": 32.22, "_x": -0.75, "_y": -1.0}, {"_time": 32.338, "_x": 1.0, "_y": 1.0}, {"_time": 32.455, "_x": -0.75, "_y": -1.0}, {"_time": 32.572, "_x": 1.0, "_y": 1.0}, {"_time": 32.689, "_x": 1.0, "_y": -1.0}, {"_time": 32.807, "_x": -0.75, "_y": 1.0}, {"_time": 32.924, "_x": 1.0, "_y": -1.0}, {"_time": 33.041, "_x": -0.75, "_y": 1.0}, {"_time": 33.158, "_x": -0.75, "_y": -1.0}, {"_time": 33.276, "_x": 1.0, "_y": 1.0}, {"_time": 33.393, "_x": -0.75, "_y": -1.0}, {"_time": 33.51, "_x": 1.0, "_y": 1.0}, {"_time": 33.627, "_x": 1.0, "_y": -1.0}, {"_time": 33.745, "_x": -0.75, "_y": 1.0}, {"_time": 33.862, "_x": 1.0, "_y": -1.0}, {"_time": 33.979, "_x": -0.75, "_y": 1.0}, {"_time": 34.096, "_x": -0.75, "_y": -1.0}, {"_time": 34.214, "_x": 1.0, "_y": 1.0}, {"_time": 34.331, "_x": -0.75, "_y": -1.0}, {"_time": 34.448, "_x": 1.0, "_y": 1.0}, {"_time": 34.565, "_x": -0.75, "_y": -1.0}, {"_time": 34.682, "_x": -0.75, "_y": 1.0}, {"_time": 34.8, "_x": 1.0, "_y": 1.0}, {"_time": 34.917, "_x": 1.0, "_y": -1.0}, {"_time": 35.034, "_x": -0.75, "_y": 1.0}, {"_time": 35.151, "_x": -0.75, "_y": -1.0}, {"_time": 35.268, "_x": 1.0, "_y": 1.0}, {"_time": 35.386, "_x": 1.0, "_y": -1.0}, {"_time": 35.503, "_x": -0.75, "_y": 1.0}, {"_time": 35.62, "_x": 1.0, "_y": -1.0}, {"_time": 35.737, "_x": -0.75, "_y": 1.0}, {"_time": 35.855, "_x": 1.0, "_y": -1.0}, {"_time": 35.972, "_x": -0.75, "_y": -1.0}, {"_time": 36.089, "_x": 1.0, "_y": 1.0}, {"_time": 36.206, "_x": -0.75, "_y": -1.0}, {"_time": 36.324, "_x": 1.0, "_y": 1.0}, {"_time": 36.441, "_x": -0.75, "_y": -1.0}, {"_time": 36.558, "_x": -0.75, "_y": 1.0}, {"_time": 36.675, "_x": 1.0, "_y": -1.0}, {"_time": 36.793, "_x": 1.0, "_y": 1.0}, {"_time": 36.91, "_x": -0.75, "_y": -1.0}, {"_time": 37.027, "_x": 1.0, "_y": 1.0}, {"_time": 37.144, "_x": -0.75, "_y": -1.0}, {"_time": 37.262, "_x": 1.0, "_y": 1.0}, {"_time": 37.379, "_x": -0.75, "_y": -1.0}, {"_time": 37.496, "_x": -0.75, "_y": 1.0}, {"_time": 37.613, "_x": 1.0, "_y": -1.0}, {"_time": 37.73, "_x": 1.0, "_y": 1.0}, {"_time": 37.848, "_x": -0.75, "_y": -1.0}, {"_time": 37.965, "_x": 1.0, "_y": 1.0}, {"_time": 38.082, "_x": -0.75, "_y": -1.0}, {"_time": 38.199, "_x": 1.0, "_y": 1.0}, {"_time": 38.317, "_x": -0.75, "_y": -1.0}, {"_time": 38.786, "_x": 1.0, "_y": -1.0}, {"_time": 39.255, "_x": -0.75, "_y": 1.0}, {"_time": 39.372, "_x": -0.75, "_y": -1.0}, {"_time": 39.489, "_x": 1.0, "_y": 1.0}, {"_time": 39.606, "_x": 1.0, "_y": -1.0}, {"_time": 39.724, "_x": -0.75, "_y": 1.0}, {"_time": 39.841, "_x": 1.0, "_y": -1.0}, {"_time": 39.958, "_x": -0.75, "_y": 1.0}, {"_time": 40.075, "_x": 1.0, "_y": -1.0}, {"_time": 40.192, "_x": -0.75, "_y": 1.0}, {"_time": 40.31, "_x": -0.75, "_y": -1.0}, {"_time": 40.427, "_x": 1.0, "_y": 1.0}, {"_time": 40.544, "_x": 1.0, "_y": -1.0}, {"_time": 40.661, "_x": -0.75, "_y": 1.0}, {"_time": 40.779, "_x": 1.0, "_y": -1.0}, {"_time": 40.896, "_x": -0.75, "_y": 1.0}, {"_time": 41.013, "_x": 1.0, "_y": -1.0}, {"_time": 41.13, "_x": -0.75, "_y": 1.0}, {"_time": 41.248, "_x": -0.75, "_y": -1.0}, {"_time": 41.365, "_x": 1.0, "_y": 1.0}, {"_time": 41.482, "_x": 1.0, "_y": -1.0}, {"_time": 41.599, "_x": -0.75, "_y": 1.0}, {"_time": 41.717, "_x": 1.0, "_y": -1.0}, {"_time": 41.834, "_x": -0.75, "_y": 1.0}, {"_time": 41.951, "_x": 1.0, "_y": -1.0}, {"_time": 42.068, "_x": -0.75, "_y": 1.0}, {"_time": 42.186, "_x": -0.75, "_y": -1.0}, {"_time": 42.303, "_x": 1.0, "_y": 1.0}, {"_time": 42.42, "_x": 1.0, "_y": -1.0}, {"_time": 42.537, "_x": -0.75, "_y": 1.0}, {"_time": 42.654, "_x": 1.0, "_y": 1.0}, {"_time": 42.772, "_x": -0.75, "_y": -1.0}, {"_time": 42.889, "_x": 1.0, "_y": -1.0}, {"_time": 43.006, "_x": -0.75, "_y": 1.0}, {"_time": 43.123, "_x": -0.75, "_y": -1.0}, {"_time": 43.241, "_x": 1.0, "_y": 1.0}, {"_time": 43.358, "_x": 1.0, "_y": -1.0}, {"_time": 43.475, "_x": -0.75, "_y": -1.0}, {"_time": 43.592, "_x": -0.75, "_y": 1.0}, {"_time": 43.71, "_x": 1.0, "_y": -1.0}, {"_time": 43.827, "_x": 1.0, "_y": 1.0}, {"_time": 43.944, "_x": -0.75, "_y": 1.0}, {"_time": 44.061, "_x": -0.75, "_y": -1.0}, {"_time": 44.179, "_x": 1.0, "_y": 1.0}, {"_time": 44.296, "_x": 1.0, "_y": -1.0}, {"_time": 44.413, "_x": -0.75, "_y": -1.0}, {"_time": 44.53, "_x": -0.75, "_y": 1.0}, {"_time": 44.648, "_x": 1.0, "_y": -1.0}, {"_time": 44.765, "_x": 1.0, "_y": 1.0}, {"_time": 44.882, "_x": -0.75, "_y": 1.0}, {"_time": 44.999, "_x": -0.75, "_y": -1.0}, {"_time": 45.116, "_x": 1.0, "_y": -1.0}, {"_time": 45.234, "_x": 1.0, "_y": 1.0}, {"_time": 45.351, "_x": -0.75, "_y": 1.0}, {"_time": 45.468, "_x": -0.75, "_y": -1.0}, {"_time": 45.585, "_x": 1.0, "_y": -1.0}, {"_time": 45.703, "_x": 1.0, "_y": 1.0}, {"_time": 45.82, "_x": -0.75, "_y": 1.0}, {"_time": 46.289, "_x": -0.75, "_y": -1.0}, {"_time": 46.758, "_x": -0.75, "_y": 1.0}, {"_time": 46.875, "_x": 1.0, "_y": 1.0}, {"_time": 46.992, "_x": 1.0, "_y": -1.0}, {"_time": 47.11, "_x": -0.75, "_y": -1.0}, {"_time": 47.227, "_x": 1.0, "_y": 1.0}, {"_time": 47.344, "_x": 1.0, "_y": -1.0}, {"_time": 47.461, "_x": -0.75, "_y": -1.0}, {"_time": 47.578, "_x": -0.75, "_y": 1.0}, {"_time": 47.696, "_x": 1.0, "_y": -1.0}, {"_time": 47.813, "_x": -0.75, "_y": -1.0}, {"_time": 47.93, "_x": -0.75, "_y": 1.0}, {"_time": 48.047, "_x": 1.0, "_y": 1.0}, {"_time": 48.165, "_x": -0.75, "_y": -1.0}, {"_time": 48.282, "_x": -0.75, "_y": 1.0}, {"_time": 48.399, "_x": 1.0, "_y": 1.0}, {"_time": 48.516, "_x": 1.0, "_y": -1.0}, {"_time": 48.634, "_x": -0.75, "_y": 1.0}, {"_time": 48.751, "_x": 1.0, "_y": 1.0}, {"_time": 48.868, "_x": 1.0, "_y": -1.0}, {"_time": 48.985, "_x": -0.75, "_y": -1.0}, {"_time": 49.103, "_x": 1.0, "_y": 1.0}, {"_time": 49.22, "_x": 1.0, "_y": -1.0}, {"_time": 49.337, "_x": -0.75, "_y": -1.0}, {"_time": 49.454, "_x": -0.75, "_y": 1.0}, {"_time": 49.572, "_x": 1.0, "_y": -1.0}, {"_time": 49.689, "_x": -0.75, "_y": -1.0}, {"_time": 49.806, "_x": -0.75, "_y": 1.0}, {"_time": 49.923, "_x": 1.0, "_y": 1.0}, {"_time": 50.04, "_x": -0.75, "_y": -1.0}, {"_time": 50.158, "_x": 1.0, "_y": 1.0}, {"_time": 50.275, "_x": -0.75, "_y": -1.0}, {"_time": 50.392, "_x": 1.0, "_y": 1.0}, {"_time": 50.509, "_x": -0.75, "_y": -1.0}, {"_time": 50.627, "_x": 1.0, "_y": -1.0}, {"_time": 50.744, "_x": 1.0, "_y": 1.0}, {"_time": 50.861, "_x": -0.75, "_y": 1.0}, {"_time": 50.978, "_x": 1.0, "_y": -1.0}, {"_time": 51.096, "_x": 1.0, "_y": 1.0}, {"_time": 51.213, "_x": -0.75, "_y": 1.0}, {"_time": 51.33, "_x": -0.75, "_y": -1.0}, {"_time": 51.447, "_x": 1.0, "_y": 1.0}, {"_time": 51.565, "_x": -0.75, "_y": 1.0}, {"_time": 51.682, "_x": -0.75, "_y": -1.0}, {"_time": 51.799, "_x": 1.0, "_y": -1.0}, {"_time": 51.916, "_x": -0.75, "_y": 1.0}, {"_time": 52.034, "_x": -0.75, "_y": -1.0}, {"_time": 52.151, "_x": 1.0, "_y": -1.0}, {"_time": 52.268, "_x": 1.0, "_y": 1.0}, {"_time": 52.385, "_x": -0.75, "_y": -1.0}, {"_time": 52.502, "_x": 1.0, "_y": -1.0}, {"_time": 52.62, "_x": 1.0, "_y": 1.0}, {"_time": 52.737, "_x": -0.75, "_y": 1.0}, {"_time": 52.854, "_x": 1.0, "_y": -1.0}, {"_time": 52.971, "_x": 1.0, "_y": 1.0}, {"_time": 53.089, "_x": -0.75, "_y": 1.0}, {"_time": 53.206, "_x": -0.75, "_y": -1.0}, {"_time": 53.323, "_x": 1.0, "_y": -1.0}, {"_time": 53.792, "_x": -0.75, "_y": -1.0}, {"_time": 54.261, "_x": -0.75, "_y": 1.0}, {"_time": 54.378, "_x": 1.0, "_y": -1.0}, {"_time": 54.495, "_x": -0.75, "_y": 1.0}, {"_time": 54.613, "_x": 1.0, "_y": -1.0}, {"_time": 54.73, "_x": -0.75, "_y": 1.0}, {"_time": 54.847, "_x": 1.0, "_y": 1.0}, {"_time": 54.964, "_x": 1.0, "_y": -1.0}, {"_time": 55.082, "_x": -0.75, "_y": -1.0}, {"_time": 55.199, "_x": 1.0, "_y": 1.0}, {"_time": 55.316, "_x": -0.75, "_y": -1.0}, {"_time": 55.433, "_x": 1.0, "_y": 1.0}, {"_time": 55.551, "_x": -0.75, "_y": -1.0}, {"_time": 55.668, "_x": 1.0, "_y": 1.0}, {"_time": 55.785, "_x": 1.0, "_y": -1.0}, {"_time": 55.902, "_x": -0.75, "_y": -1.0}, {"_time": 56.02, "_x": -0.75, "_y": 1.0}, {"_time": 56.137, "_x": 1.0, "_y": -1.0}, {"_time": 56.254, "_x": -0.75, "_y": 1.0}, {"_time": 56.371, "_x": 1.0, "_y": -1.0}, {"_time": 56.489, "_x": -0.75, "_y": 1.0}, {"_time": 56.606, "_x": 1.0, "_y": -1.0}, {"_time": 56.723, "_x": -0.75, "_y": -1.0}, {"_time": 56.84, "_x": -0.75, "_y": 1.0}, {"_time": 56.957, "_x": 1.0, "_y": 1.0}, {"_time": 57.075, "_x": -0.75, "_y": -1.0}, {"_time": 57.192, "_x": 1.0, "_y": 1.0}, {"_time": 57.309, "_x": -0.75, "_y": -1.0}, {"_time": 57.426, "_x": 1.0, "_y": 1.0}, {"_time": 57.544, "_x": 1.0, "_y": -1.0}, {"_time": 57.661, "_x": -0.75, "_y": 1.0}, {"_time": 57.778, "_x": 1.0, "_y": -1.0}, {"_time": 57.895, "_x": -0.75, "_y": 1.0}, {"_time": 58.013, "_x": -0.75, "_y": -1.0}, {"_time": 58.13, "_x": 1.0, "_y": 1.0}, {"_time": 58.247, "_x": -0.75, "_y": -1.0}, {"_time": 58.364, "_x": 1.0, "_y": 1.0}, {"_time": 58.482, "_x": 1.0, "_y": -1.0}, {"_time": 58.599, "_x": -0.75, "_y": 1.0}, {"_time": 58.716, "_x": 1.0, "_y": -1.0}, {"_time": 58.833, "_x": -0.75, "_y": 1.0}, {"_time": 58.951, "_x": -0.75, "_y": -1.0}, {"_time": 59.068, "_x": 1.0, "_y": 1.0}, {"_time": 59.185, "_x": -0.75, "_y": -1.0}, {"_time": 59.302, "_x": 1.0, "_y": 1.0}, {"_time": 59.419, "_x": -0.75, "_y": -1.0}, {"_time": 59.654, "_x": 1.0, "_y": 1.0}, {"_time": 59.888, "_x": 1.0, "_y": -1.0}, {"_time": 60.006, "_x": -0.75, "_y": -1.0}, {"_time": 60.123, "_x": -0.75, "_y": 1.0}, {"_time": 60.24, "_x": 1.0, "_y": -1.0}, {"_time": 60.475, "_x": -0.75, "_y": 1.0}, {"_time": 60.709, "_x": -0.75, "_y": -1.0}, {"_time": 60.826, "_x": 1.0, "_y": 1.0}, {"_time": 61.061, "_x": -0.75, "_y": -1.0}, {"_time": 61.295, "_x": 1.0, "_y": 1.0}]}