{"_approachDistance": 50, "_approachTime": 1, "_name": "Silver's Boxe", "_notes": [{"_time": 12.516, "_x": -1.0, "_y": -1.0}, {"_time": 12.985, "_x": -1.0, "_y": -0.5}, {"_time": 13.22, "_x": -0.5, "_y": -0.5}, {"_time": 13.454, "_x": 0.75, "_y": 0.75}, {"_time": 13.923, "_x": 1.0, "_y": 0.75}, {"_time": 14.158, "_x": 0.5, "_y": -0.75}, {"_time": 14.392, "_x": 0.75, "_y": 0.75}, {"_time": 14.627, "_x": -0.75, "_y": -0.75}, {"_time": 14.861, "_x": -0.75, "_y": 0.75}, {"_time": 15.33, "_x": 0.0, "_y": 0.75}, {"_time": 15.799, "_x": 0.75, "_y": 0.75}, {"_time": 16.268, "_x": 0.75, "_y": -0.75}, {"_time": 16.737, "_x": -0.75, "_y": 0.75}, {"_time": 16.854, "_x": -0.75, "_y": -1.0}, {"_time": 16.971, "_x": 0.75, "_y": -0.75}, {"_time": 17.089, "_x": 0.75, "_y": 1.0}, {"_time": 17.206, "_x": -0.75, "_y": -0.75}, {"_time": 17.323, "_x": -1.0, "_y": 0.75}, {"_time": 17.44, "_x": -0.75, "_y": 1.0}, {"_time": 17.558, "_x": 0.75, "_y": -1.0}, {"_time": 17.675, "_x": -0.75, "_y": -1.0}, {"_time": 17.792, "_x": 0.75, "_y": 1.0}, {"_time": 17.909, "_x": 1.0, "_y": 0.75}, {"_time": 18.026, "_x": 0.75, "_y": -0.75}, {"_time": 18.144, "_x": -0.5, "_y": 1.0}, {"_time": 18.378, "_x": 0.5, "_y": -1.0}, {"_time": 18.613, "_x": 0.0, "_y": -0.5}, {"_time": 18.73, "_x": -0.75, "_y": -0.75}, {"_time": 18.847, "_x": 0.75, "_y": -0.75}, {"_time": 18.964, "_x": -0.5, "_y": 1.0}, {"_time": 19.082, "_x": -1.0, "_y": -0.75}, {"_time": 19.199, "_x": -0.5, "_y": -1.0}, {"_time": 19.316, "_x": 1.0, "_y": -0.75}, {"_time": 19.433, "_x": 0.75, "_y": 1.0}, {"_time": 19.551, "_x": -0.75, "_y": 1.0}, {"_time": 19.668, "_x": 0.75, "_y": 0.75}, {"_time": 19.785, "_x": 0.5, "_y": -1.0}, {"_time": 19.902, "_x": -0.75, "_y": -0.75}, {"_time": 20.02, "_x": 0.0, "_y": -0.5}, {"_time": 20.137, "_x": 0.75, "_y": -0.75}, {"_time": 20.489, "_x": -0.75, "_y": 1.0}, {"_time": 20.606, "_x": -1.0, "_y": 0.75}, {"_time": 20.723, "_x": 1.0, "_y": 0.5}, {"_time": 20.84, "_x": 0.75, "_y": 1.0}, {"_time": 20.957, "_x": 1.0, "_y": -0.75}, {"_time": 21.074, "_x": 0.0, "_y": -1.0}, {"_time": 21.192, "_x": -1.0, "_y": -0.75}, {"_time": 21.309, "_x": 0.0, "_y": -1.0}, {"_time": 21.426, "_x": 1.0, "_y": 0.75}, {"_time": 21.544, "_x": 0.0, "_y": 1.0}, {"_time": 21.661, "_x": -1.0, "_y": 0.75}, {"_time": 21.778, "_x": 0.0, "_y": 1.0}, {"_time": 21.895, "_x": 0.75, "_y": -0.75}, {"_time": 22.013, "_x": -0.75, "_y": -0.75}, {"_time": 22.13, "_x": -0.75, "_y": 0.75}, {"_time": 22.247, "_x": 0.75, "_y": 0.75}, {"_time": 22.364, "_x": 0.0, "_y": -1.0}, {"_time": 22.482, "_x": 0.75, "_y": -0.5}, {"_time": 22.599, "_x": 0.0, "_y": 1.0}, {"_time": 22.716, "_x": -0.75, "_y": -0.5}, {"_time": 22.833, "_x": 0.75, "_y": -1.0}, {"_time": 22.951, "_x": -0.75, "_y": -1.0}, {"_time": 23.068, "_x": -0.75, "_y": 0.75}, {"_time": 23.185, "_x": 0.75, "_y": 0.75}, {"_time": 23.302, "_x": 0.0, "_y": -1.0}, {"_time": 23.771, "_x": 0.75, "_y": 0.75}, {"_time": 24.24, "_x": 1.0, "_y": 0.75}, {"_time": 24.357, "_x": 1.0, "_y": -0.75}, {"_time": 24.475, "_x": -1.0, "_y": 0.75}, {"_time": 24.592, "_x": -1.0, "_y": -0.75}, {"_time": 24.709, "_x": 0.75, "_y": 1.0}, {"_time": 24.826, "_x": 0.75, "_y": -0.5}, {"_time": 24.944, "_x": 0.75, "_y": -1.0}, {"_time": 25.061, "_x": 0.0, "_y": 0.75}, {"_time": 25.178, "_x": 0.0, "_y": -0.75}, {"_time": 25.295, "_x": -0.75, "_y": 1.0}, {"_time": 25.413, "_x": -0.75, "_y": -0.5}, {"_time": 25.53, "_x": -0.75, "_y": -1.0}, {"_time": 25.647, "_x": -0.75, "_y": -0.5}, {"_time": 25.764, "_x": 0.0, "_y": -0.5}, {"_time": 25.881, "_x": 0.75, "_y": -0.75}, {"_time": 25.999, "_x": 1.0, "_y": -1.0}, {"_time": 26.116, "_x": 0.75, "_y": 0.0}, {"_time": 26.233, "_x": -0.5, "_y": 0.75}, {"_time": 26.35, "_x": -0.75, "_y": -0.5}, {"_time": 26.468, "_x": -1.0, "_y": -0.75}, {"_time": 26.585, "_x": -1.0, "_y": 0.75}, {"_time": 26.702, "_x": 0.75, "_y": 1.0}, {"_time": 26.819, "_x": 1.0, "_y": 0.75}, {"_time": 26.937, "_x": 1.0, "_y": -0.5}, {"_time": 27.054, "_x": 1.0, "_y": 1.0}, {"_time": 27.171, "_x": -0.75, "_y": 1.0}, {"_time": 27.288, "_x": -0.75, "_y": 0.75}, {"_time": 27.406, "_x": -1.0, "_y": 0.75}, {"_time": 27.523, "_x": -0.75, "_y": -0.5}, {"_time": 27.64, "_x": -0.75, "_y": 0.75}, {"_time": 27.992, "_x": -0.75, "_y": -0.75}, {"_time": 28.109, "_x": -1.0, "_y": 0.5}, {"_time": 28.226, "_x": 1.0, "_y": 0.5}, {"_time": 28.343, "_x": 0.75, "_y": -0.75}, {"_time": 28.461, "_x": 0.0, "_y": 0.75}, {"_time": 28.578, "_x": 1.0, "_y": 1.0}, {"_time": 28.695, "_x": 1.0, "_y": -0.75}, {"_time": 28.812, "_x": -0.75, "_y": -0.75}, {"_time": 28.93, "_x": 0.75, "_y": -0.75}, {"_time": 29.047, "_x": 0.0, "_y": 0.75}, {"_time": 29.164, "_x": -1.0, "_y": 1.0}, {"_time": 29.281, "_x": -1.0, "_y": -0.75}, {"_time": 29.399, "_x": 0.75, "_y": -1.0}, {"_time": 29.516, "_x": 0.75, "_y": -0.75}, {"_time": 29.633, "_x": -0.75, "_y": 1.0}, {"_time": 29.75, "_x": -0.75, "_y": 0.5}, {"_time": 29.868, "_x": 0.75, "_y": -0.75}, {"_time": 29.985, "_x": 0.75, "_y": 1.0}, {"_time": 30.102, "_x": -0.75, "_y": 0.75}, {"_time": 30.219, "_x": -0.75, "_y": -1.0}, {"_time": 30.336, "_x": 1.0, "_y": 0.5}, {"_time": 30.454, "_x": 1.0, "_y": 0.5}, {"_time": 30.571, "_x": 1.0, "_y": 0.5}, {"_time": 30.688, "_x": 1.0, "_y": 0.5}, {"_time": 30.805, "_x": 1.0, "_y": 0.5}, {"_time": 31.274, "_x": 0.5, "_y": 1.0}, {"_time": 31.743, "_x": -1.0, "_y": 1.0}, {"_time": 31.861, "_x": -1.0, "_y": 0.75}, {"_time": 31.978, "_x": -1.0, "_y": -0.75}, {"_time": 32.095, "_x": -1.0, "_y": 0.75}, {"_time": 32.212, "_x": 0.75, "_y": -0.75}, {"_time": 32.33, "_x": -0.75, "_y": -0.75}, {"_time": 32.447, "_x": 0.75, "_y": -0.75}, {"_time": 32.564, "_x": -0.75, "_y": -0.75}, {"_time": 32.681, "_x": 1.0, "_y": -0.75}, {"_time": 32.798, "_x": 1.0, "_y": 0.75}, {"_time": 32.915, "_x": 1.0, "_y": 1.0}, {"_time": 33.033, "_x": 1.0, "_y": 0.75}, {"_time": 33.15, "_x": 0.5, "_y": -1.0}, {"_time": 33.267, "_x": -0.75, "_y": 1.0}, {"_time": 33.385, "_x": 0.5, "_y": 0.75}, {"_time": 33.502, "_x": -0.75, "_y": -0.75}, {"_time": 33.619, "_x": -0.75, "_y": 0.75}, {"_time": 33.736, "_x": 1.0, "_y": 0.5}, {"_time": 33.854, "_x": 0.75, "_y": 1.0}, {"_time": 33.971, "_x": 0.75, "_y": -0.5}, {"_time": 34.088, "_x": 1.0, "_y": 0.75}, {"_time": 34.205, "_x": -1.0, "_y": -1.0}, {"_time": 34.323, "_x": -0.75, "_y": -0.75}, {"_time": 34.44, "_x": -1.0, "_y": 0.5}, {"_time": 34.557, "_x": -1.0, "_y": -0.75}, {"_time": 34.674, "_x": 0.75, "_y": 1.0}, {"_time": 34.792, "_x": 0.75, "_y": 0.5}, {"_time": 34.909, "_x": -0.5, "_y": 0.75}, {"_time": 35.026, "_x": 0.75, "_y": 0.75}, {"_time": 35.143, "_x": 0.75, "_y": -0.75}, {"_time": 35.495, "_x": -0.75, "_y": -0.75}, {"_time": 35.612, "_x": -1.0, "_y": -0.75}, {"_time": 35.729, "_x": 0.75, "_y": 0.75}, {"_time": 35.846, "_x": 1.0, "_y": 0.75}, {"_time": 35.964, "_x": 0.0, "_y": 1.0}, {"_time": 36.081, "_x": -0.75, "_y": -1.0}, {"_time": 36.198, "_x": -1.0, "_y": -1.0}, {"_time": 36.316, "_x": -1.0, "_y": -0.75}, {"_time": 36.433, "_x": 0.0, "_y": 1.0}, {"_time": 36.55, "_x": 0.75, "_y": -1.0}, {"_time": 36.667, "_x": 1.0, "_y": -0.75}, {"_time": 36.785, "_x": 1.0, "_y": 0.75}, {"_time": 36.902, "_x": 0.0, "_y": 1.0}, {"_time": 37.019, "_x": -0.75, "_y": -1.0}, {"_time": 37.136, "_x": -1.0, "_y": -0.75}, {"_time": 37.254, "_x": -1.0, "_y": 0.75}, {"_time": 37.371, "_x": 0.0, "_y": 1.0}, {"_time": 37.488, "_x": 1.0, "_y": -1.0}, {"_time": 37.605, "_x": 1.0, "_y": -0.5}, {"_time": 37.723, "_x": 0.75, "_y": 0.75}, {"_time": 37.84, "_x": 0.0, "_y": 1.0}, {"_time": 37.957, "_x": -1.0, "_y": -0.75}, {"_time": 38.074, "_x": -1.0, "_y": 0.75}, {"_time": 38.192, "_x": -0.75, "_y": 1.0}, {"_time": 38.309, "_x": -0.25, "_y": -0.5}, {"_time": 38.778, "_x": -0.75, "_y": -1.0}, {"_time": 39.247, "_x": 1.0, "_y": 0.75}, {"_time": 39.364, "_x": 1.0, "_y": -0.75}, {"_time": 39.481, "_x": -1.0, "_y": 0.75}, {"_time": 39.598, "_x": -1.0, "_y": -0.75}, {"_time": 39.716, "_x": 0.5, "_y": 1.0}, {"_time": 39.833, "_x": 1.0, "_y": 0.75}, {"_time": 39.95, "_x": -0.75, "_y": 0.5}, {"_time": 40.067, "_x": -0.75, "_y": 1.0}, {"_time": 40.184, "_x": -0.5, "_y": -1.0}, {"_time": 40.302, "_x": -1.0, "_y": -0.75}, {"_time": 40.419, "_x": 0.75, "_y": -0.75}, {"_time": 40.536, "_x": 0.75, "_y": -1.0}, {"_time": 40.653, "_x": -0.75, "_y": 0.75}, {"_time": 40.77, "_x": -1.0, "_y": -0.5}, {"_time": 40.888, "_x": 0.75, "_y": 0.75}, {"_time": 41.005, "_x": -0.5, "_y": 1.0}, {"_time": 41.122, "_x": 0.75, "_y": -1.0}, {"_time": 41.24, "_x": 1.0, "_y": -0.25}, {"_time": 41.357, "_x": -0.75, "_y": -0.75}, {"_time": 41.474, "_x": 0.5, "_y": -1.0}, {"_time": 41.591, "_x": -0.75, "_y": 0.75}, {"_time": 41.708, "_x": 0.75, "_y": 1.0}, {"_time": 41.826, "_x": -0.75, "_y": -0.75}, {"_time": 41.943, "_x": -1.0, "_y": 0.75}, {"_time": 42.06, "_x": 0.75, "_y": -0.75}, {"_time": 42.178, "_x": -0.75, "_y": -1.0}, {"_time": 42.295, "_x": 0.75, "_y": 0.75}, {"_time": 42.412, "_x": 1.0, "_y": -0.75}, {"_time": 42.529, "_x": 0.0, "_y": -0.5}, {"_time": 42.646, "_x": 0.0, "_y": -0.5}, {"_time": 42.998, "_x": 0.0, "_y": -1.0}, {"_time": 43.115, "_x": 0.75, "_y": -0.5}, {"_time": 43.233, "_x": 0.0, "_y": -0.5}, {"_time": 43.35, "_x": -0.75, "_y": -0.5}, {"_time": 43.467, "_x": 0.0, "_y": -1.0}, {"_time": 43.584, "_x": -1.0, "_y": -0.5}, {"_time": 43.701, "_x": 0.0, "_y": -0.5}, {"_time": 43.819, "_x": 1.0, "_y": -0.5}, {"_time": 43.936, "_x": 0.0, "_y": -1.0}, {"_time": 44.053, "_x": 1.0, "_y": 0.75}, {"_time": 44.171, "_x": 0.0, "_y": 0.75}, {"_time": 44.288, "_x": -1.0, "_y": 0.75}, {"_time": 44.405, "_x": 0.0, "_y": -0.75}, {"_time": 44.522, "_x": -1.0, "_y": 0.75}, {"_time": 44.639, "_x": 0.0, "_y": 0.75}, {"_time": 44.757, "_x": 1.0, "_y": 0.75}, {"_time": 44.874, "_x": 0.75, "_y": -0.5}, {"_time": 44.991, "_x": 0.75, "_y": -0.5}, {"_time": 45.108, "_x": -0.75, "_y": 0.75}, {"_time": 45.343, "_x": 0.0, "_y": 0.75}, {"_time": 45.577, "_x": 0.75, "_y": 0.75}, {"_time": 45.812, "_x": 0.5, "_y": -0.75}, {"_time": 46.281, "_x": -1.0, "_y": 0.5}, {"_time": 46.75, "_x": 1.0, "_y": 0.75}, {"_time": 46.867, "_x": 1.0, "_y": 1.0}, {"_time": 46.984, "_x": 0.75, "_y": -0.5}, {"_time": 47.101, "_x": 0.75, "_y": -1.0}, {"_time": 47.219, "_x": -1.0, "_y": 0.75}, {"_time": 47.336, "_x": -1.0, "_y": 1.0}, {"_time": 47.453, "_x": -0.75, "_y": -0.5}, {"_time": 47.57, "_x": -0.75, "_y": -1.0}, {"_time": 47.688, "_x": 1.0, "_y": 0.75}, {"_time": 47.805, "_x": -1.0, "_y": 0.75}, {"_time": 47.922, "_x": -1.0, "_y": -0.75}, {"_time": 48.039, "_x": 1.0, "_y": -0.75}, {"_time": 48.157, "_x": 0.0, "_y": 0.75}, {"_time": 48.274, "_x": 0.75, "_y": -0.75}, {"_time": 48.391, "_x": 0.0, "_y": -1.0}, {"_time": 48.508, "_x": -0.75, "_y": -0.75}, {"_time": 48.626, "_x": 0.0, "_y": 1.0}, {"_time": 48.743, "_x": -0.75, "_y": -0.75}, {"_time": 48.86, "_x": 0.0, "_y": -1.0}, {"_time": 48.977, "_x": 0.75, "_y": -0.75}, {"_time": 49.095, "_x": 0.0, "_y": 1.0}, {"_time": 49.212, "_x": 1.0, "_y": -0.75}, {"_time": 49.329, "_x": 0.0, "_y": -1.0}, {"_time": 49.446, "_x": -1.0, "_y": -0.75}, {"_time": 49.564, "_x": 0.0, "_y": 1.0}, {"_time": 49.681, "_x": -1.0, "_y": -0.75}, {"_time": 49.798, "_x": 0.0, "_y": -1.0}, {"_time": 49.915, "_x": 1.0, "_y": -0.75}, {"_time": 50.032, "_x": 0.0, "_y": 1.0}, {"_time": 50.15, "_x": 0.0, "_y": 0.75}, {"_time": 50.501, "_x": -0.75, "_y": 0.75}, {"_time": 50.619, "_x": -1.0, "_y": 0.75}, {"_time": 50.736, "_x": 0.75, "_y": -0.75}, {"_time": 50.854, "_x": 1.0, "_y": -0.75}, {"_time": 50.97, "_x": -0.5, "_y": -0.75}, {"_time": 51.088, "_x": 0.5, "_y": -1.0}, {"_time": 51.205, "_x": 0.5, "_y": 0.75}, {"_time": 51.323, "_x": -0.5, "_y": 1.0}, {"_time": 51.439, "_x": -1.0, "_y": -0.75}, {"_time": 51.557, "_x": -0.75, "_y": -1.0}, {"_time": 51.674, "_x": 1.0, "_y": 0.75}, {"_time": 51.792, "_x": 0.75, "_y": 1.0}, {"_time": 51.908, "_x": -0.75, "_y": -0.75}, {"_time": 52.026, "_x": -0.75, "_y": 1.0}, {"_time": 52.143, "_x": 0.75, "_y": 0.75}, {"_time": 52.26, "_x": 0.75, "_y": -1.0}, {"_time": 52.377, "_x": -0.75, "_y": 0.75}, {"_time": 52.612, "_x": 1.0, "_y": -0.75}, {"_time": 52.846, "_x": 0.0, "_y": 0.5}, {"_time": 52.963, "_x": -1.0, "_y": -1.0}, {"_time": 53.081, "_x": 0.0, "_y": 0.5}, {"_time": 53.198, "_x": 1.0, "_y": -1.0}, {"_time": 53.315, "_x": -0.75, "_y": 0.75}, {"_time": 53.784, "_x": 0.75, "_y": 1.0}, {"_time": 54.253, "_x": -0.75, "_y": 0.5}, {"_time": 54.37, "_x": -0.5, "_y": -1.0}, {"_time": 54.487, "_x": 0.75, "_y": -0.75}, {"_time": 54.605, "_x": 0.5, "_y": 0.75}, {"_time": 54.722, "_x": 0.75, "_y": -0.75}, {"_time": 54.839, "_x": -0.75, "_y": -1.0}, {"_time": 54.957, "_x": -0.75, "_y": 0.75}, {"_time": 55.074, "_x": 0.75, "_y": 1.0}, {"_time": 55.191, "_x": -1.0, "_y": 0.5}, {"_time": 55.308, "_x": -0.5, "_y": -1.0}, {"_time": 55.425, "_x": 1.0, "_y": -0.5}, {"_time": 55.543, "_x": 0.5, "_y": 1.0}, {"_time": 55.66, "_x": 0.75, "_y": -0.75}, {"_time": 55.777, "_x": -0.75, "_y": -1.0}, {"_time": 55.895, "_x": -1.0, "_y": 0.75}, {"_time": 56.012, "_x": 0.75, "_y": 1.0}, {"_time": 56.129, "_x": -1.0, "_y": 0.5}, {"_time": 56.246, "_x": -0.5, "_y": -1.0}, {"_time": 56.363, "_x": 1.0, "_y": -0.5}, {"_time": 56.481, "_x": 0.5, "_y": 1.0}, {"_time": 56.598, "_x": 1.0, "_y": -1.0}, {"_time": 56.715, "_x": -0.75, "_y": -1.0}, {"_time": 56.833, "_x": -1.0, "_y": 0.75}, {"_time": 56.95, "_x": 0.75, "_y": 1.0}, {"_time": 57.067, "_x": -1.0, "_y": -0.5}, {"_time": 57.184, "_x": 0.5, "_y": -1.0}, {"_time": 57.301, "_x": 1.0, "_y": -0.25}, {"_time": 57.419, "_x": -0.5, "_y": 1.0}, {"_time": 57.536, "_x": 0.75, "_y": -1.0}, {"_time": 57.653, "_x": -0.5, "_y": -0.75}, {"_time": 58.005, "_x": 0.75, "_y": -0.5}, {"_time": 58.122, "_x": 0.75, "_y": 0.75}, {"_time": 58.239, "_x": -0.75, "_y": 0.75}, {"_time": 58.356, "_x": -0.75, "_y": -0.5}, {"_time": 58.474, "_x": 1.0, "_y": 0.5}, {"_time": 58.591, "_x": 1.0, "_y": -1.0}, {"_time": 58.708, "_x": -1.0, "_y": -1.0}, {"_time": 58.825, "_x": -1.0, "_y": 0.5}, {"_time": 58.943, "_x": 0.75, "_y": -0.75}, {"_time": 59.177, "_x": -0.75, "_y": -0.75}, {"_time": 59.411, "_x": 0.0, "_y": -0.75}, {"_time": 59.646, "_x": 0.0, "_y": 1.0}, {"_time": 59.88, "_x": 0.0, "_y": 0.5}, {"_time": 59.998, "_x": -0.75, "_y": 0.75}, {"_time": 60.115, "_x": 0.0, "_y": 0.5}, {"_time": 60.232, "_x": 0.75, "_y": 0.75}, {"_time": 60.818, "_x": -0.75, "_y": -0.75}, {"_time": 61.053, "_x": 0.75, "_y": -1.0}, {"_time": 61.287, "_x": 0.0, "_y": 1.0}]}