{"_approachDistance": 50, "_approachTime": 1, "_name": "SQUARES ARE COOL", "_notes": [{"_time": 14.4, "_x": -0.75, "_y": -1.0}, {"_time": 14.635, "_x": 1.0, "_y": 1.0}, {"_time": 14.869, "_x": -0.75, "_y": -1.0}, {"_time": 14.986, "_x": -0.75, "_y": 1.0}, {"_time": 15.104, "_x": 1.0, "_y": 1.0}, {"_time": 15.221, "_x": 1.0, "_y": -1.0}, {"_time": 15.338, "_x": -0.75, "_y": -1.0}, {"_time": 15.455, "_x": -0.75, "_y": 1.0}, {"_time": 15.573, "_x": 1.0, "_y": 1.0}, {"_time": 15.69, "_x": 1.0, "_y": -1.0}, {"_time": 15.807, "_x": -0.75, "_y": -1.0}, {"_time": 15.924, "_x": -0.75, "_y": 1.0}, {"_time": 16.042, "_x": 1.0, "_y": 1.0}, {"_time": 16.159, "_x": 1.0, "_y": -1.0}, {"_time": 16.276, "_x": 1.0, "_y": 1.0}, {"_time": 16.745, "_x": -0.75, "_y": 1.0}, {"_time": 16.862, "_x": 1.0, "_y": 1.0}, {"_time": 16.979, "_x": 1.0, "_y": -1.0}, {"_time": 17.097, "_x": -0.75, "_y": -1.0}, {"_time": 17.214, "_x": -0.75, "_y": 1.0}, {"_time": 17.331, "_x": 1.0, "_y": -1.0}, {"_time": 17.448, "_x": 1.0, "_y": 1.0}, {"_time": 17.566, "_x": -0.75, "_y": -1.0}, {"_time": 17.683, "_x": -0.75, "_y": 1.0}, {"_time": 17.8, "_x": 1.0, "_y": 1.0}, {"_time": 17.917, "_x": 1.0, "_y": -1.0}, {"_time": 18.035, "_x": -0.75, "_y": -1.0}, {"_time": 18.152, "_x": -0.75, "_y": 1.0}, {"_time": 18.269, "_x": 1.0, "_y": -1.0}, {"_time": 18.386, "_x": 1.0, "_y": 1.0}, {"_time": 18.503, "_x": -0.75, "_y": -1.0}, {"_time": 18.621, "_x": -0.75, "_y": 1.0}, {"_time": 18.738, "_x": 1.0, "_y": 1.0}, {"_time": 18.855, "_x": 1.0, "_y": -1.0}, {"_time": 18.972, "_x": -0.75, "_y": -1.0}, {"_time": 19.09, "_x": -0.75, "_y": 1.0}, {"_time": 19.207, "_x": 1.0, "_y": -1.0}, {"_time": 19.324, "_x": 1.0, "_y": 1.0}, {"_time": 19.441, "_x": -0.75, "_y": -1.0}, {"_time": 19.559, "_x": -0.75, "_y": 1.0}, {"_time": 19.676, "_x": 1.0, "_y": 1.0}, {"_time": 19.793, "_x": 1.0, "_y": -1.0}, {"_time": 19.91, "_x": -0.75, "_y": -1.0}, {"_time": 20.028, "_x": 1.0, "_y": 1.0}, {"_time": 20.145, "_x": -0.75, "_y": 1.0}, {"_time": 20.262, "_x": 1.0, "_y": -1.0}, {"_time": 20.379, "_x": -0.75, "_y": -1.0}, {"_time": 20.497, "_x": -0.75, "_y": 1.0}, {"_time": 20.614, "_x": 1.0, "_y": 1.0}, {"_time": 20.731, "_x": 1.0, "_y": -1.0}, {"_time": 20.849, "_x": -0.75, "_y": -1.0}, {"_time": 20.966, "_x": -0.75, "_y": 1.0}, {"_time": 21.083, "_x": 1.0, "_y": -1.0}, {"_time": 21.2, "_x": 1.0, "_y": 1.0}, {"_time": 21.318, "_x": -0.75, "_y": -1.0}, {"_time": 21.434, "_x": -0.75, "_y": 1.0}, {"_time": 21.552, "_x": 1.0, "_y": 1.0}, {"_time": 21.669, "_x": 1.0, "_y": -1.0}, {"_time": 21.787, "_x": -0.75, "_y": -1.0}, {"_time": 21.904, "_x": -0.75, "_y": 1.0}, {"_time": 22.021, "_x": 1.0, "_y": -1.0}, {"_time": 22.138, "_x": 1.0, "_y": 1.0}, {"_time": 22.255, "_x": -0.75, "_y": -1.0}, {"_time": 22.373, "_x": -0.75, "_y": 1.0}, {"_time": 22.49, "_x": 1.0, "_y": 1.0}, {"_time": 22.607, "_x": 1.0, "_y": -1.0}, {"_time": 22.724, "_x": -0.75, "_y": -1.0}, {"_time": 22.842, "_x": -0.75, "_y": 1.0}, {"_time": 22.959, "_x": 1.0, "_y": -1.0}, {"_time": 23.076, "_x": 1.0, "_y": 1.0}, {"_time": 23.193, "_x": -0.75, "_y": -1.0}, {"_time": 23.31, "_x": -0.75, "_y": 1.0}, {"_time": 23.779, "_x": 1.0, "_y": 1.0}, {"_time": 24.248, "_x": 1.0, "_y": -1.0}, {"_time": 24.365, "_x": -0.75, "_y": -1.0}, {"_time": 24.483, "_x": -0.75, "_y": 1.0}, {"_time": 24.6, "_x": 1.0, "_y": 1.0}, {"_time": 24.717, "_x": -0.75, "_y": -1.0}, {"_time": 24.834, "_x": 1.0, "_y": -1.0}, {"_time": 24.952, "_x": -0.75, "_y": 1.0}, {"_time": 25.069, "_x": 1.0, "_y": 1.0}, {"_time": 25.186, "_x": 1.0, "_y": -1.0}, {"_time": 25.303, "_x": -0.75, "_y": -1.0}, {"_time": 25.421, "_x": -0.75, "_y": 1.0}, {"_time": 25.538, "_x": 1.0, "_y": 1.0}, {"_time": 25.655, "_x": -0.75, "_y": -1.0}, {"_time": 25.772, "_x": 1.0, "_y": -1.0}, {"_time": 25.889, "_x": -0.75, "_y": 1.0}, {"_time": 26.007, "_x": 1.0, "_y": 1.0}, {"_time": 26.124, "_x": 1.0, "_y": -1.0}, {"_time": 26.241, "_x": -0.75, "_y": -1.0}, {"_time": 26.359, "_x": -0.75, "_y": 1.0}, {"_time": 26.476, "_x": 1.0, "_y": 1.0}, {"_time": 26.593, "_x": -0.75, "_y": -1.0}, {"_time": 26.71, "_x": 1.0, "_y": -1.0}, {"_time": 26.828, "_x": -0.75, "_y": 1.0}, {"_time": 26.945, "_x": 1.0, "_y": 1.0}, {"_time": 27.062, "_x": 1.0, "_y": -1.0}, {"_time": 27.179, "_x": -0.75, "_y": -1.0}, {"_time": 27.297, "_x": -0.75, "_y": 1.0}, {"_time": 27.414, "_x": 1.0, "_y": 1.0}, {"_time": 27.531, "_x": -0.75, "_y": -1.0}, {"_time": 27.648, "_x": 1.0, "_y": 1.0}, {"_time": 27.765, "_x": -0.75, "_y": -1.0}, {"_time": 27.882, "_x": 1.0, "_y": 1.0}, {"_time": 28.0, "_x": -0.75, "_y": -1.0}, {"_time": 28.117, "_x": -0.75, "_y": 1.0}, {"_time": 28.234, "_x": 1.0, "_y": 1.0}, {"_time": 28.351, "_x": 1.0, "_y": -1.0}, {"_time": 28.469, "_x": -0.75, "_y": -1.0}, {"_time": 28.586, "_x": -0.75, "_y": 1.0}, {"_time": 28.703, "_x": 1.0, "_y": -1.0}, {"_time": 28.82, "_x": 1.0, "_y": 1.0}, {"_time": 28.938, "_x": -0.75, "_y": -1.0}, {"_time": 29.055, "_x": -0.75, "_y": 1.0}, {"_time": 29.172, "_x": 1.0, "_y": 1.0}, {"_time": 29.289, "_x": 1.0, "_y": -1.0}, {"_time": 29.407, "_x": -0.75, "_y": -1.0}, {"_time": 29.524, "_x": -0.75, "_y": 1.0}, {"_time": 29.641, "_x": 1.0, "_y": -1.0}, {"_time": 29.758, "_x": 1.0, "_y": 1.0}]}