{"_approachDistance": 50, "_approachTime": 1, "_name": "The Living Tombstone - Goodbye Moonmen- Rick and Morty Remix (Kyrian) [Pog V2]", "_notes": [{"_time": 127.606, "_x": -0.25, "_y": -0.75}, {"_time": 127.723, "_x": -0.5, "_y": 0.25}, {"_time": 127.84, "_x": 0.25, "_y": -0.25}, {"_time": 127.957, "_x": -0.75, "_y": -0.5}, {"_time": 128.074, "_x": 0.0, "_y": 0.5}, {"_time": 128.191, "_x": 0.25, "_y": -1.0}, {"_time": 128.309, "_x": -1.0, "_y": -0.25}, {"_time": 128.426, "_x": 0.5, "_y": 0.75}, {"_time": 128.543, "_x": -0.5, "_y": -1.0}, {"_time": 128.66, "_x": -1.0, "_y": 0.75}, {"_time": 128.777, "_x": 0.75, "_y": -0.25}, {"_time": 128.895, "_x": -1.0, "_y": -1.0}, {"_time": 129.012, "_x": -0.25, "_y": 0.75}, {"_time": 129.129, "_x": 0.5, "_y": -1.0}, {"_time": 129.246, "_x": -1.0, "_y": 0.0}, {"_time": 129.363, "_x": 0.5, "_y": 0.75}, {"_time": 129.481, "_x": -0.25, "_y": -1.0}, {"_time": 129.598, "_x": -1.0, "_y": 0.75}, {"_time": 129.715, "_x": 0.75, "_y": 0.0}, {"_time": 129.832, "_x": -1.0, "_y": -1.0}, {"_time": 129.949, "_x": -0.25, "_y": 0.75}, {"_time": 130.066, "_x": 0.5, "_y": -1.0}, {"_time": 130.184, "_x": -1.0, "_y": 0.0}, {"_time": 130.301, "_x": 0.5, "_y": 0.75}, {"_time": 130.418, "_x": -0.25, "_y": -1.0}, {"_time": 130.535, "_x": -1.0, "_y": 0.75}, {"_time": 130.652, "_x": 0.75, "_y": 0.0}, {"_time": 130.77, "_x": -1.0, "_y": -1.0}, {"_time": 130.887, "_x": -0.25, "_y": 0.75}, {"_time": 131.004, "_x": 0.5, "_y": -1.0}, {"_time": 131.121, "_x": -1.0, "_y": 0.0}, {"_time": 131.238, "_x": 0.75, "_y": 0.75}, {"_time": 131.356, "_x": -0.5, "_y": -1.0}, {"_time": 135.106, "_x": -0.5, "_y": -0.75}, {"_time": 135.223, "_x": 0.0, "_y": 0.0}, {"_time": 135.34, "_x": -0.5, "_y": 0.25}, {"_time": 135.457, "_x": 0.0, "_y": -0.75}, {"_time": 135.574, "_x": 0.0, "_y": 0.25}, {"_time": 135.691, "_x": -0.75, "_y": -0.25}, {"_time": 135.809, "_x": 0.25, "_y": -0.75}, {"_time": 135.926, "_x": -0.25, "_y": 0.5}, {"_time": 136.043, "_x": -0.75, "_y": -1.0}, {"_time": 136.16, "_x": 0.25, "_y": 0.0}, {"_time": 136.277, "_x": -0.75, "_y": 0.5}, {"_time": 136.395, "_x": 0.0, "_y": -1.0}, {"_time": 136.512, "_x": 0.25, "_y": 0.5}, {"_time": 136.629, "_x": -1.0, "_y": -0.25}, {"_time": 136.746, "_x": 0.5, "_y": -1.0}, {"_time": 136.863, "_x": -0.5, "_y": 0.75}, {"_time": 136.981, "_x": -1.0, "_y": -1.0}, {"_time": 137.098, "_x": 0.75, "_y": -0.25}, {"_time": 137.215, "_x": -1.0, "_y": 0.5}, {"_time": 137.332, "_x": 0.0, "_y": -1.0}, {"_time": 137.449, "_x": 0.5, "_y": 0.75}, {"_time": 137.566, "_x": -1.0, "_y": -1.0}, {"_time": 137.684, "_x": 0.5, "_y": -0.25}, {"_time": 137.801, "_x": -1.0, "_y": 0.5}, {"_time": 137.918, "_x": 0.0, "_y": -1.0}, {"_time": 138.035, "_x": 0.5, "_y": 0.75}, {"_time": 138.152, "_x": -1.0, "_y": -0.25}, {"_time": 138.27, "_x": 0.75, "_y": -1.0}, {"_time": 138.387, "_x": -0.25, "_y": 0.75}, {"_time": 138.504, "_x": -1.0, "_y": -1.0}, {"_time": 138.621, "_x": 0.5, "_y": -0.25}, {"_time": 138.738, "_x": -1.0, "_y": 0.75}, {"_time": 138.856, "_x": -0.25, "_y": -1.0}, {"_time": 142.606, "_x": -0.75, "_y": 0.0}, {"_time": 142.723, "_x": 0.0, "_y": -0.75}, {"_time": 142.84, "_x": 0.25, "_y": 0.5}, {"_time": 142.957, "_x": -0.75, "_y": -0.75}, {"_time": 143.074, "_x": 0.5, "_y": -0.5}, {"_time": 143.191, "_x": -0.75, "_y": 0.75}, {"_time": 143.309, "_x": -0.5, "_y": -1.0}, {"_time": 143.426, "_x": 0.75, "_y": 0.5}, {"_time": 143.543, "_x": -1.0, "_y": -0.5}, {"_time": 143.66, "_x": 0.75, "_y": -1.0}, {"_time": 143.777, "_x": -1.0, "_y": 0.75}, {"_time": 143.895, "_x": -0.25, "_y": -1.0}, {"_time": 144.012, "_x": 0.75, "_y": 0.75}, {"_time": 144.129, "_x": -1.0, "_y": 0.0}, {"_time": 144.246, "_x": 0.25, "_y": -1.0}, {"_time": 144.363, "_x": -0.25, "_y": 0.75}, {"_time": 144.481, "_x": -1.0, "_y": -1.0}, {"_time": 144.598, "_x": 0.75, "_y": 0.0}, {"_time": 144.715, "_x": -1.0, "_y": 0.75}, {"_time": 144.832, "_x": -0.25, "_y": -1.0}, {"_time": 144.949, "_x": 0.75, "_y": 0.75}, {"_time": 145.066, "_x": -1.0, "_y": -0.25}, {"_time": 145.184, "_x": 0.75, "_y": -1.0}, {"_time": 145.301, "_x": -0.25, "_y": 0.75}, {"_time": 145.418, "_x": -1.0, "_y": -1.0}, {"_time": 145.535, "_x": 0.75, "_y": -0.25}, {"_time": 145.652, "_x": -1.0, "_y": 0.5}, {"_time": 145.77, "_x": -0.25, "_y": -1.0}, {"_time": 145.887, "_x": 0.75, "_y": 0.75}, {"_time": 146.004, "_x": -1.0, "_y": -0.5}, {"_time": 146.121, "_x": 0.75, "_y": -1.0}, {"_time": 146.238, "_x": 0.0, "_y": 0.75}, {"_time": 146.356, "_x": -1.0, "_y": -1.0}, {"_time": 150.106, "_x": -0.5, "_y": -0.5}, {"_time": 150.223, "_x": 0.25, "_y": -0.25}, {"_time": 150.34, "_x": -0.5, "_y": 0.0}, {"_time": 150.457, "_x": -0.25, "_y": -1.0}, {"_time": 150.574, "_x": 0.25, "_y": 0.5}, {"_time": 150.691, "_x": -1.0, "_y": -0.25}, {"_time": 150.809, "_x": 0.25, "_y": -0.75}, {"_time": 150.926, "_x": -0.5, "_y": 0.75}, {"_time": 151.043, "_x": -0.75, "_y": -1.0}, {"_time": 151.16, "_x": 0.5, "_y": 0.0}, {"_time": 151.277, "_x": -1.0, "_y": 0.25}, {"_time": 151.395, "_x": 0.0, "_y": -1.0}, {"_time": 151.512, "_x": 0.25, "_y": 0.5}, {"_time": 151.629, "_x": -0.75, "_y": -0.75}, {"_time": 151.746, "_x": 0.5, "_y": -0.5}, {"_time": 151.863, "_x": -0.5, "_y": 0.5}, {"_time": 151.981, "_x": 0.25, "_y": -1.0}, {"_time": 152.098, "_x": 0.5, "_y": 0.25}, {"_time": 152.215, "_x": -0.75, "_y": -0.25}, {"_time": 152.332, "_x": 0.75, "_y": -0.75}, {"_time": 152.449, "_x": -0.25, "_y": 0.25}, {"_time": 152.566, "_x": 0.25, "_y": -1.0}, {"_time": 152.684, "_x": -0.25, "_y": 0.5}, {"_time": 152.801, "_x": -0.25, "_y": -1.0}, {"_time": 152.918, "_x": 0.5, "_y": 0.5}, {"_time": 153.035, "_x": 0.0, "_y": -1.0}, {"_time": 153.152, "_x": -0.5, "_y": 0.5}, {"_time": 153.27, "_x": 0.25, "_y": -1.0}, {"_time": 153.387, "_x": 0.5, "_y": 0.5}, {"_time": 153.504, "_x": -0.25, "_y": -1.0}, {"_time": 153.621, "_x": -0.5, "_y": 0.5}, {"_time": 153.738, "_x": 0.5, "_y": -1.0}, {"_time": 153.856, "_x": 0.75, "_y": 0.75}, {"_time": 155.731, "_x": -0.75, "_y": 0.0}, {"_time": 155.965, "_x": -0.75, "_y": -0.5}, {"_time": 156.199, "_x": -0.25, "_y": 0.0}, {"_time": 156.434, "_x": -0.25, "_y": -0.5}, {"_time": 156.668, "_x": -0.5, "_y": 0.0}, {"_time": 156.902, "_x": -0.5, "_y": -0.5}, {"_time": 157.137, "_x": -0.75, "_y": -0.5}, {"_time": 157.371, "_x": -0.25, "_y": 0.0}, {"_time": 157.606, "_x": -0.25, "_y": -1.0}]}